id,product_highlight_1,product_highlight_2,product_highlight_3,product_highlight_4,product_highlight_5,product_highlight_6,product_highlight_7,product_highlight_8,product_highlight_9,product_highlight_10
shopify_US_6964827127963_40737345863835,مصنوع من الجلد من مصادر مستدامة لتقليل التأثير البيئي.,يتميز بمعدن غير قابل للصدأ مصمم للمتانة ومقاومة التآكل.,يتضمن علامة زودياك مضغوطة بعمق لضمان عدم تلاشيها بمرور الوقت.,مصمم بحرفية دقيقة لتقديم مظهر أنيق ومتميز.,مناسب للارتداء اليومي أو للمناسبات الخاصة.,يزن 50 جرامًا (1.76 أونصة)، مما يضمن خفة الوزن والراحة على المعصم.,يجمع بين الأناقة العصرية والتصميم الكلاسيكي.,نسيج ناعم من الجلد يوفر شعورًا مريحًا على البشرة.,يتميز بلون برج الدلو، مما يمنح إطلالة فريدة وشخصية.,سوار مصمم ليناسب معصم البالغين بشكل مثالي.
shopify_US_7043384770715_41052252536987,Fremstillet af vandafvisende Waxed Canvas for at beskytte udstyret mod elementer.,"Har detaljer i Full-Grain Leather, der tilføjer et raffineret og holdbart præg.",Udstyret med et justerbart polstret skulderrem for optimal bærekomfort.,Designet med dedikerede kamera-indsatser til sikker opbevaring af kamera og objektiver.,"Indeholder et rummeligt hovedrum, der passer til bærbare computere op til 15 tommer.",Integreret bomuldslærred sidelomme giver nem adgang til mindre genstande.,Velegnet til DSLR- og spejlløse kameraer samt zoomobjektiver op til 800 mm.,Åbningsmetoden med et dæksel sikrer indholdet og tilføjer et retro-look.,"Tasken vejer 1120 g (39.5 oz), en robust konstruktion til udstyr.","Kaki-farven præsenterer en alsidig, diskret jordtone, der komplementerer enhver stil."
shopify_US_6964739539099_40736949797019,"Valmistettu monikerroksisesta laadukkaasta, kestävästi tuotetusta Nahasta.","Sisältää lasikoristeen, joka lisää hienostuneen yksityiskohdan.",Suunniteltu Unisex-käyttöön sopimaan monipuolisesti.,Rannekoru on käsintehty huolellisesti jokaisen yksityiskohdan osalta.,Horoskooppimerkki Jousimies on integroitu rannekoruun.,"Kevyt muotoilu, painaa vain 13 g (0.46 oz) mukavaan käyttöön.",Sopii aikuisille tuomaan tyyliä ja merkityksellisyyttä.,Yhdistettävissä moniin asukokonaisuuksiin casual-ilmeestä juhlalliseen.,Materiaalien yhdistelmä tarjoaa kestävyyttä ja esteettisyyttä.,Jousimies-värinen sävy ilmentää astrologista teemaa selkeästi.
shopify_US_7663237366017_43531638767873,Passar iPhone 14-modeller med exakt form och åtkomst till alla portar.,"Tillverkat av italienskt Kalvskinnsläder, noggrant utvalt för sin smidighet och hållbarhet.",Har ett unikt krokodilmönster präglat i lädret för en distinkt textur.,Designat med en glansig finish som ger en sofistikerad lyster.,Fodrad med mikrofibermocka på insidan för ett naturligt halkfritt grepp och extra skydd.,Handgjord konstruktion som säkerställer precision och uppmärksamhet på detaljer i varje fodral.,"Kompatibelt med Qi trådlös laddning, vilket möjliggör bekväm laddning utan att ta bort fodralet.",Inkluderar något upphöjda kanter runt skärmen för att skydda mot repor och stötar.,Har en slank profil som bidrar till en bekväm fickvänlig passform.,"Väger endast 220 g (7.8 oz), vilket gör det lätt att bära utan att lägga till onödig bulk."
shopify_US_5741825032347_36530108399771,"Fits iPhone 12 models, ensuring precise cutouts for buttons and ports.","Constructed from Alcantara material, known for its soft touch and suede-like feel.","Finished in a deep, vibrant Blue, offering a rich and sophisticated hue.","Features a slim profile, minimizing bulk for a comfortable hand feel.","Designed for precise fit, enhancing the phone’s ergonomic design.",Offers tactile button covers for responsive use and protection.,"Provides a comfortable, non-slip grip due to the unique texture of Alcantara.","Crafted to maintain a lightweight feel, adding minimal weight to the device.",Engineered for easy installation and removal without scratching the phone.,Complements the phone's aesthetics with its sleek and modern design.
shopify_US_7680346652929_42839245062401,Fits Samsung S9 PLUS models with precise cutouts for buttons and ports.,"Crafted from genuine Calfskin Leather, offering a luxurious and durable exterior.","Features a distinct crocodile pattern, deeply embossed for tactile texture.","Designed with a matte Black finish, providing a sophisticated, non-glossy appearance.",Hand-made construction ensures attention to detail and a unique finish.,Offers slight elevation around the camera lens for added protection against scratches.,Provides a secure and comfortable grip due to the natural leather texture.,"Engineered to resist everyday wear and tear, maintaining its pristine look over time.","Designed for a slim profile, ensuring it slides easily into pockets and bags.","Weighs 230 g (8.1 oz), providing a substantial feel without being overly heavy."
shopify_US_7756479529217_44050761613569,Passar iPhone 15 Pro Max med perfektion för säker användning,Tillverkad av slitstarkt Kalvskinnsläder som åldras vackert med användning,Ödlemönster präglat i lädret som ger en unik textur och visuell djup,Handgjord med noggrannhet för exceptionell kvalitet och känsla,Fodrad med mjuk Mikrofiber för att skydda telefonen från repor och stötar,Minimalistisk design som betonar telefonens ursprungliga estetik,Precisa utskärningar ger full tillgång till alla telefonens funktioner och portar,Robust konstruktion skyddar enheten från dagligt slitage och mindre fall,Orange finish med en mjuk glans som ger en levande och sofistikerad känsla,"Väger 230 g (8.1 oz), vilket ger ett lätt skydd utan att lägga till onödig bulk"
shopify_US_5989849923739_37301415542939,Tillverkad av slitstarkt Nylonrep för långvarig användning och flexibilitet,Utrustad med ett ankarformat metallspänne som säkert håller armbandet på plats,Designad som ett nautiskt rep som kan användas för riggning på fartyg,"Justerbar längd genom att skjuta knuten, för en personlig och bekväm passform","Handgjord med omsorg, vilket säkerställer exklusiv design och hantverk",Vattentät konstruktion som tål fukt och daglig exponering för väder,Enkel och lättviktig design för komfortabel användning hela dagen,"Väger mindre än 50 g (1.8 oz), vilket gör det fjäderlätt på handleden","Färgtonen ""Gent 3"" erbjuder en neutral och mångsidig estetik för olika stilar",Klassisk design som kompletterar olika outfits och tillfällen
shopify_US_5984642465947_37281084997787,"Capacidad de 25 litros, ideal para llevar equipo fotográfico esencial y objetos personales","Compartimento acolchado para un portátil de 13 pulgadas, protegiendo tus dispositivos electrónicos",Espacio suficiente en el compartimento principal para un portátil de hasta 15 pulgadas,"Confeccionada con Lona Encerada resistente al agua, protegiendo el contenido de la humedad",Correas de hombro cómodas y acolchadas para un transporte ergonómico en viajes largos,Cremalleras con cerradura que garantizan la seguridad de tus pertenencias,Bolsillo lateral de malla diseñado para botellas de agua o un trípode compacto,Estilo vintage que combina funcionalidad con una estética clásica y atemporal,"Pesa 1.3 kg (2.9 lbs), ofreciendo un equilibrio entre protección y portabilidad para la cámara","El color gris oscuro aporta una apariencia sofisticada y discreta, fácil de combinar"
shopify_US_7325139697921_41663101632769,Valmistettu tukevasta Paracord-köydestä ja ruostumattomasta teräksestä varmistaen kestävyyden.,Metallinen sakkelilukko lisää ainutlaatuisen ja maskuliinisen muotoiluelementin rannekoruun.,"Rannekorun pituus 19 cm, sopii useimpiin ranteisiin, ja lukko on helppo kiinnittää ja avata.",Minimalistinen muotoilu sopii päivittäiseen käyttöön ja täydentää erilaisia asukokonaisuuksia.,Voidaan purkaa hätätilanteessa selviytymisköydeksi moniin eri käyttötarkoituksiin.,"Paracord-materiaali on kestävää ja säänkestävää, säilyttäen ulkonäkönsä pitkään.","Yksinkertainen, huomaamaton muotoilu, joka korostaa käyttäjän tyyliä ilman liiallista prameutta.","Tumman musta sävy tarjoaa syvän, mattapintaisen pinnan, joka yhdistyy vaivattomasti hopeiseen metalliin.",Hopean ja mustan yhdistelmä luo modernin kontrastin ja visuaalisen syvyyden.,"Rannekoru tuntuu kevyeltä ja mukavalta, eikä rajoita liikettä."
shopify_US_7858321391873_43557395038465,本物の牛革から作られ、滑らかな手触りと優れた耐久性を提供します。,トカゲのエンボス加工が施され、視覚的に魅力的で独特な質感を生み出しています。,内部には4つのカードスロットが備わり、複数のカードを整理して収納できます。,中央に配置されたマネーポケットは、紙幣やその他の小さな貴重品を安全に保管します。,コンパクトなデザインにより、ポケットや小さなバッグにも簡単に収まります。,職人の手によって丁寧に作られており、細部にわたる品質と耐久性が保証されています。,スリムな形状により、持ち運びが快適で、かさばることなく日常的に使用できます。,鮮やかな黄色は、明るく活気に満ちた印象を与え、視覚的なアクセントになります。,光沢のある表面は、光を反射し、高級感のある輝きを放ちます。,持ち運びが容易な設計で、約230 g (8.1 oz) の軽量さです。
shopify_US_7828699054337_43303917060353,"Tillverkad av äkta italienskt Kalvskinnsläder, känt för sin smidighet och hållbarhet.",Designad med ett unikt vågmönster på framsidan som ger en distinkt visuell textur.,Har en elegant och enkel baksida som kompletterar den detaljerade framsidan.,Försedd med en säker snäppstängning för att hålla kort och kontanter säkert på plats.,Den slimmade designen gör den lätt att bära i fickan eller väskan utan att ta upp mycket utrymme.,Lyxig stil som kombinerar funktionalitet med en sofistikerad estetik.,"Den svarta färgen har en djup, klassisk ton som förmedlar elegans.",Färgnyansen är en tidlös svart som passar utmärkt med alla klädstilar.,"Korthållaren är lätt och smidig, bara 250 g (8.8 oz), vilket gör den bekväm att bära dagligen.","Handgjord med precision, vilket garanterar hög kvalitet och fina detaljer i varje sömnad."
shopify_US_8612412260609_45632617087233,"Crafted from premium Calfskin Leather, offering a luxurious feel and lasting quality for your travel essentials.","Features an elegant crocodile-embossed pattern, providing a sophisticated texture and distinctive visual appeal.",Hand-stitched construction enhances overall durability and ensures meticulous attention to detail in every aspect.,"Interior lined with soft Nappa leather, creating a gentle yet robust environment for delicate documents.","Designed with four dedicated credit card slots, keeping your essential cards securely organized.","Includes a specific passport pocket, ensuring your passport is readily accessible and protected during transit.","Additional storage space for boarding passes and other travel essentials, streamlining your journey.","Exhibits a Navy color with a variable sheen, ranging from a subtle matte to a sophisticated glossy finish (30-60 GU).","Slim profile, weighing approximately 230 g (8.1 oz), making it convenient for pocket or bag carry.","Measures 10.6 cm (4.17 inches) wide by 14.7 cm (5.8 inches) high, ideal for various passport sizes."
shopify_US_7909370855681_43569818108161,"Constructed from the highest quality Full-Grain Leather, ensuring exceptional longevity and a distinguished feel.","Made with 100% genuine Calfskin Leather, providing a refined texture and resilient build for daily use.","Expertly handcrafted with precise cutting and sewing, showcasing meticulous artisanal skill.","Features strong, unyielding stitching designed to prevent unraveling and ensure lasting integrity.","Engineered to develop a rich, unique patina over time through interaction with natural skin oils, enhancing its character.","Designed for a precise fit on iPhone 12, offering tailored protection and full access to device functions.","Presents a Matt Blue color, offering a sophisticated, understated aesthetic with a modern edge.",Full-pattern leather design ensures a consistent and luxurious texture across the entire surface.,"Resistant to ripping and tearing, providing robust protection against everyday wear and tear.",Created with a minimalist style that perfectly complements both formal and casual attire.
shopify_US_7756479529217_43059745980673,%カーフスキンレザー製で、上質な手触りと優れた耐久性を提供します。,洗練されたミニマリストスタイルで、iPhone 12 Pro Maxのデザインを際立たせます。,特徴的なリザード柄が施されており、視覚的に豊かで独特なテクスチャーが楽しめます。,熟練した職人による手作業で丁寧に作られており、細部にまでこだわりが光ります。,内側には柔らかいマイクロファイバーの裏地があり、iPhone 12 Pro Maxを傷から保護します。,iPhone 12 Pro Maxに完璧にフィットし、すべての機能に簡単にアクセスできます。,鮮やかな赤色で、深みのある色合いが個性的で目を引く印象を与えます。,ケースごとに革の模様や色合いがわずかに異なり、一つ一つがユニークな仕上がりです。,厚みを持たずにiPhoneをしっかり包み込み、日常使いに適したスリムなデザインです。,持ち運びやすい重さ約230 g (8.1 oz)で、機能性と快適性を両立しています。
shopify_US_7909384323329_43569860215041,"Handmade from full-grain Saffiano Leather, offering a distinctive texture.",Lined with soft microfiber to cushion and protect the iPhone 11.,Finished with a unique Lizard Pattern for a sophisticated aesthetic.,"Crafted from Calfskin Leather, known for its resilience and smooth feel.","Developed to be water-resistant, helping to repel accidental splashes.","Designed to be scratch-resistant, maintaining its pristine appearance over time.","Easy to clean, allowing for simple maintenance and care.","Supports the natural development of a rich, individual patina over time.","Fits iPhone 11 precisely, ensuring full access to all buttons and ports.","Color is a vibrant Green, providing a deep, natural hue with a subtle sheen."
shopify_US_7664304554241_42771703365889,Expertly crafted from Genuine Italian Calfskin Leather.,Features a special glossy coating that enhances the visual appeal.,Embossed with a sophisticated Crocodile Pattern for added luxury.,Equipped with rubber edges for a secure grip and extra device protection.,"Fits iPhone 12 Pro Max snugly, allowing access to all functions.",Designed to maintain its luxurious appearance through everyday use.,The special edition case adds an exclusive touch to your device.,Constructed with meticulous attention to detail and quality.,"The Glossy Burgundy color offers a deep, rich red with a highly reflective finish.","Weighs a comfortable 230 g (8.1 oz), making it portable for daily carry."
shopify_US_7671284433153_42801297981697,Realizzato a mano con precisione e attenzione ai dettagli artigianali.,Materiale in vera pelle di vitello della massima qualità per una sensazione di lusso.,Presenta un sofisticato motivo a coccodrillo goffrato.,Adatto a tutti i passaporti standard e carte di credito per una perfetta organizzazione.,Progettato come un portafoglio da viaggio versatile per documenti e denaro.,La pelle lucida aggiunge un tocco di eleganza e raffinatezza.,Pensato per il viaggiatore frequente che desidera stile e funzionalità.,Offre una soluzione compatta per trasportare essenziali da viaggio.,Il colore Blu offre una tonalità profonda e vibrante con una finitura brillante.,"Pesa 250 g (8.8 oz), ideale per un facile trasporto nella borsa o tasca."
shopify_US_6112276054171_37740468371611,Armbandet är flätat av äkta Koläder för en elegant och mångsidig stil.,Tillverkat med ett slitstarkt lås av Titanstål för säker och enkel användning.,Designat med en smal profil för daglig komfort och diskret bäring.,"Brun färgton som ger en varm, klassisk finish till varje outfit.","Armbandet har en längd på 21 cm, vilket passar för de flesta handleder.",Metallåset har en silverfärgad finish som kompletterar läderets bruna nyans.,Enkel att ta på och av tack vare låsets användarvänliga konstruktion.,Passar både män och kvinnor som en unisex-accessoar.,Materialkombinationen av Koläder och Titanstål garanterar långvarig kvalitet.,"Armbandets design är minimalistisk, vilket gör det enkelt att kombinera med andra smycken."
shopify_US_7043384770715_41052252504219,Fremstillet af vandafvisende Vokset Kanvas og Fuldnarvet Læder for beskyttelse mod elementerne.,Passer til en laptop eller tablet på op til 15 tommer i det dedikerede rum.,Indbygget kamerarum designet til at rumme de fleste DSLR- og spejlløse kameraer på markedet.,Dedikerede rum til opbevaring af objektiv og småt tilbehør som hukommelseskort.,"Letvægts design, vejer kun 1120 g (39.5 oz), hvilket gør den komfortabel til længere ture.","Justerbar, polstret skulderrem giver ergonomisk komfort til både mænd og kvinder.","Grå farve med en mat finish, der giver et diskret og moderne udseende.",Designet med en dækket åbningsmetode for at beskytte indholdet mod vejr og vind.,Indvendig Polyester Bomuld foring beskytter udstyret og giver en blød overflade.,"Rummer en mobiltelefon, ID, samt har en lynlåslomme til småting."
shopify_US_7663237366017_43531638767873,"Passer til iPhone 14, hvilket sikrer en perfekt pasform og adgang til knapper.",Fremstillet af luksuriøst italiensk Kalveskindslæder med et krokodillemønster.,"Kompatibel med Qi trådløs opladning, så telefonen kan oplades uden at fjerne coveret.",Håndlavet konstruktion sikrer enestående kvalitet og opmærksomhed på detaljer.,Let hævede kanter giver beskyttelse af skærmen mod ridser og direkte stød.,"Den blanke sorte farve giver en dyb, glansfuld overflade, der reflekterer lys.",Forekomst af mikrofiber-ruskindsinteriør giver et skridsikkert greb og beskytter telefonens bagside.,"Slankt design, der vejer 220 g (7.8 oz), opretholder telefonens oprindelige profil.",Krokodillemønstret giver en sofistikeret tekstur og et unikt visuelt udtryk.,Afrundede kanter sikrer et behageligt greb og et strømlinet udseende.
shopify_US_7431777714433_41987555950849,Fabriqué entièrement en Acier Inoxydable de haute qualité pour une durabilité accrue et une résistance à la rouille.,"Conçu avec une largeur de 9 mm, offrant une présence notable sans être excessivement large sur le doigt.","Intègre un anneau central rotatif, permettant une manipulation discrète pour soulager l'agitation ou l'anxiété.","Propose un motif de chaîne détaillé sur l'anneau rotatif, ajoutant une texture visuelle et tactile unique.","Affiche une esthétique bicolore, combinant des finitions Noires profondes avec des accents dorés brillants.",Le coloris noir mat offre un contraste moderne et sophistiqué avec les éléments dorés éclatants.,"L'anneau est de taille 8, offrant un ajustement précis pour une variété de tailles de doigts.",Sa conception anti-rouille assure la longévité de l'éclat et de l'intégrité structurelle de l'anneau.,"Un style polyvalent qui s'adapte à diverses occasions, du quotidien aux événements plus formels.",Idéal comme accessoire personnel ou comme cadeau attentionné pour un ami ou un membre de la famille.
shopify_US_6179325837467_38005670183067,Confeccionada con Lona Encerada de la más alta calidad y Cuero de Plena Flor genuino para una durabilidad superior.,"Diseñada con una generosa capacidad de 25 litros, ideal para llevar dispositivos electrónicos y libros.","Presenta un compartimento principal especializado para portátiles, garantizando su seguridad durante el transporte.",Incorpora un bolsillo interior con cremallera y dos bolsillos abiertos para organizar pequeños objetos esenciales.,Ofrece dos opciones de transporte: un asa forrada en Cuero para agarre y correas ajustables para los hombros.,Correas acolchadas y ergonómicas que distribuyen uniformemente el peso para mayor comodidad al llevarla.,"Acabado en un tono Negro profundo que resalta la textura de la lona y el cuero, aportando elegancia.",El diseño retro vintage de los años 80 combina la estética clásica con la funcionalidad moderna.,"Construcción resistente al desgaste, asegurando la longevidad del producto incluso con uso frecuente.","Con un peso de 1,3 kg (45,8 oz), proporciona un equilibrio óptimo entre robustez y portabilidad."
shopify_US_8610785952001_45628465152257,"Gemaakt van authentiek Kalfsleer, verrijkt met een verfijnd krokodillenpatroon voor een luxueuze uitstraling.",Specifiek ontworpen om perfect te passen op de iPhone 15 Pro Max.,Voorzien van een subtiel goudkleurig cameraframe dat de esthetiek van de telefoon verbetert.,Het ontwerp omvat open randen rond de volume- en aan/uit-knoppen voor gemakkelijke toegang en functionaliteit.,"Compatibel met MagSafe-accessoires en Qi draadloos opladen, voor gebruiksgemak zonder belemmeringen.",Het leer heeft een diepe Groene tint die een rijke en unieke uitstraling aan het hoesje geeft.,"Elk hoesje is met de hand vervaardigd, wat resulteert in een unieke afwerking en aandacht voor detail.","Het hoesje weegt slechts 230 g (8,1 oz), waardoor het nauwelijks extra bulk toevoegt aan de iPhone.",Voorzien van een logo aan de voorkant en een ingegraveerd logo aan de binnenkant.,Het volledig reliëf krokodillenpatroon is uniform en opvallend over het gehele oppervlak.
shopify_US_7843351691521_43355303215361,Crafted from soft Alcantara Suede for a distinct tactile experience.,"Designed to precisely fit the iPhone 14, ensuring full functionality and access.","The smooth, suede-like texture offers a comfortable and secure grip.","Features a Sky Blue hue, presenting a soft, muted pastel finish.","Enhanced with a subtle, sophisticated design to complement your device.",Made with attention to detail for a refined appearance.,The material choice contributes to a lightweight feel for everyday carry.,Offers a unique aesthetic that distinguishes your iPhone 14.,"Provides a slim profile, adding minimal bulk to the device.",Constructed to maintain its luxurious feel over time.
shopify_US_6129948491931_37809082728603,"Fremstillet af slidstærkt vokset Lærred, der giver en robust og vandafvisende overflade.","Rummelig kapacitet på 25 liter, ideel til rejser, arbejde eller studie.",Et dedikeret indvendigt rum til sikker opbevaring af en bærbar computer.,Foring i blødt Bomuld beskytter dine ejendele og giver en behagelig inderside.,Komfortable og polstrede skulderstropper fordeler vægten jævnt for langvarig bærekomfort.,"Flere indvendige lommer, herunder en lynlåslomme og en mobillomme, organiserer småting effektivt.",Udvendige sidelommer giver hurtig adgang til vandflasker eller andre nødvendigheder.,Håndlavet konstruktion sikrer omhyggeligt håndværk og et unikt vintage-udtryk.,"Vægt på 1,35 kg (47.6 oz), hvilket gør rygsækken stabil uden at være for tung for daglig brug.","Den dybe Sorte farve giver et klassisk, alsidigt udseende, der matcher forskellige outfits."
shopify_US_7819067621633_45616576397569,"Compatible with iPhone 16 models, ensuring a precise fit.","Crafted from genuine Italian Calfskin Leather, offering a luxurious feel.","Features a distinctive Pebble pattern, adding unique texture and visual interest.","The Gray color presents a sophisticated, understated neutral tone with subtle cool undertones.",Handmade construction emphasizes meticulous craftsmanship and attention to detail.,Designed to protect the iPhone from scratches and minor impacts.,The soft yet durable leather develops a beautiful patina over time.,Provides a slim profile that maintains the device’s sleek design.,Offers an elegant aesthetic suitable for both formal and casual settings.,The material choice ensures a comfortable grip and a premium tactile experience.
shopify_US_5982506156187_37272499388571,Fabricado artesanalmente con Lona encerada y Cuero Genuino para un estilo vintage y durabilidad.,"Gran capacidad de 52 litros, proporcionando espacio amplio para ropa, calzado y dispositivos.",Apertura con cierre de cremallera de piso a piso que facilita el acceso al contenido.,"Transporte versátil como bolso de mano, bandolera o bolso cruzado.",Diseño espacioso con múltiples bolsillos internos para una organización eficiente de las pertenencias.,Asas superiores de Cuero de Plena Flor para un agarre cómodo y robusto.,"Se adapta a portátiles de hasta 17 pulgadas, ideal para viajes de negocios o uso diario.","Acabado gris que ofrece una estética sobria y sofisticada, perfecta para cualquier ocasión.","Peso de 1.7 kg (3.75 lbs), con un peso de envío de 1.82 kg (4.01 lbs) para fácil manejo.",Dimensiones de 54 cm x 42 cm x 23 cm (21.2'' x 16.5'' x 9'') para viajes cómodos.
shopify_US_7756479529217_43355434975489,iPhone 14 Proに対応するよう精密に設計された保護ケース。,% カーフスキンレザーを使用し、高級感のある手触りを提供。,洗練されたミニマリストスタイルで、控えめながらもエレガントな外観。,独特なリザード柄が施され、視覚的に魅力的な質感を実現。,柔らかいマイクロファイバーの裏地がiPhoneの背面を傷から守る。,手作業で丁寧に作られ、細部にわたる職人技が光る。,iPhoneのすべての機能に簡単にアクセスできるデザイン。,数量限定生産で、各ケースにわずかな色の違いと革の模様の個性がある。,落ち着いたグレーの色合いが、洗練された印象を与える。,出荷重量は230g（8.1オンス）で、持ち運びやすい軽量設計。
shopify_US_6112276054171_37740468338843,チタンと牛革を組み合わせたブレスレット、耐久性と快適な装着感を提供。,長さ20cmで、手首にぴったりとフィットするサイズ感。,本革を編み込んだデザインが、どんなスタイルにも合う。,非常にシンプルな見た目で、普段使いに最適。,簡単に着脱できるシルバーカラーの金属製留め具。,落ち着いた茶色の色合いが、暖かく自然な印象を与える。,チタンスチールが使われており、金属アレルギーを起こしにくい特性。,スリムなデザインで他のアクセサリーとの重ね付けにも適している。,ユニセックスなデザインで、男女問わず着用できる。,ブレスレットの素材には、チタン鋼と牛革を使用。
